id	category
c001	why
c002	why
c003	why
c004	why
c005	contract
c006	why
c007	why
c008	contract
c009	contract
c010	why
c011	contract
c012	contract
c013	why
c014	why
c015	why
c016	contract
c017	why
c018	why
c019	contract
c020	why
c021	why
c022	why
c023	contract
c024	why
c025	why
c026	why
c027	why
c028	contract
c029	bloat
c030	contract
c031	why
c032	why
c033	contract
c034	why
c035	why
c036	why
c037	contract
c038	contract
c039	contract
c040	why
c041	contract
c042	contract
c043	contract
c044	why
c045	why
c046	restatement
c047	contract
c048	why
c049	why
c050	contract
c051	why
c052	contract
c053	why
c054	contract
c055	why
c056	bloat
c057	why
c058	why
c059	contract
c060	why
c061	contract
c062	contract
c063	contract
c064	why
c065	why
c066	why
c067	bloat
c068	contract
c069	why
c070	why
c071	why
c072	why
c073	contract
c074	why
c075	contract
c076	why
c077	contract
c078	contract
c079	contract
c080	why
c081	contract
c082	contract
c083	why
c084	contract
c085	why
c086	contract
c087	why
c088	contract
c089	bloat
c090	contract
c091	why
c092	why
c093	contract
c094	contract
c095	contract
c096	why
c097	contract
c098	why
c099	contract
c100	contract
c101	contract
c102	why
c103	why
c104	why
c105	contract
c106	contract
c107	why
c108	contract
c109	contract
c110	contract
c111	why
c112	why
c113	contract
c114	bloat
c115	contract
c116	contract
c117	contract
c118	why
c119	contract
c120	contract
c121	why
c122	contract
c123	bloat
c124	why
c125	contract
c126	why
c127	why
c128	why
c129	contract
c130	contract
c131	why
c132	why
c133	contract
c134	why
c135	why
c136	contract
c137	why
c138	why
c139	why
c140	contract
c141	why
c142	contract
c143	contract
c144	contract
c145	contract
c146	why
c147	contract
