id	run	file	first	last	kind
c001	L0p-3	docs/superpowers/plans/2026-03-04-phase-2-inbox-import.md	488	490	comment
c002	L1p-5	docs/superpowers/plans/2026-03-04-phase-2-inbox-import.md	688	692	comment
c003	L0p-1	docs/superpowers/plans/2026-03-04-phase-2-inbox-import.md	928	928	docstring
c004	L0p-2	docs/superpowers/plans/2026-03-04-phase-2-inbox-import.md	926	926	comment
c005	L0p-5	docs/superpowers/plans/2026-03-04-phase-2-inbox-import.md	384	384	docstring
c006	L0p-1	docs/superpowers/plans/2026-03-04-phase-2-inbox-import.md	759	759	docstring
c007	L0p-3	docs/superpowers/plans/2026-03-04-phase-2-inbox-import.md	540	540	comment
c008	L0p-5	docs/superpowers/plans/2026-03-04-phase-2-inbox-import.md	946	946	docstring
c009	L0p-3	docs/superpowers/plans/2026-03-04-phase-2-inbox-import.md	685	685	comment
c010	L0p-5	docs/superpowers/plans/2026-03-04-phase-2-inbox-import.md	1008	1008	docstring
c011	L0p-1	docs/superpowers/plans/2026-03-04-phase-2-inbox-import.md	601	601	comment
c012	L0p-4	docs/superpowers/plans/2026-03-04-phase-2-inbox-import.md	550	550	docstring
c013	L0p-5	docs/superpowers/plans/2026-03-04-phase-2-inbox-import.md	1010	1010	comment
c014	L0p-3	docs/superpowers/plans/2026-03-04-phase-2-inbox-import.md	435	435	comment
c015	L0p-1	docs/superpowers/plans/2026-03-04-phase-2-inbox-import.md	891	891	docstring
c016	L1p-5	docs/superpowers/plans/2026-03-04-phase-2-inbox-import.md	474	474	docstring
c017	L0p-5	docs/superpowers/plans/2026-03-04-phase-2-inbox-import.md	764	764	docstring
c018	L1p-3	docs/superpowers/plans/2026-03-04-phase-2-inbox-import.md	225	225	docstring
c019	L1p-1	docs/superpowers/plans/2026-03-04-phase-2-inbox-import.md	750	750	docstring
c020	L1p-4	docs/superpowers/plans/2026-03-04-phase-2-inbox-import.md	785	785	docstring
c021	L1p-5	docs/superpowers/plans/2026-03-04-phase-2-inbox-import.md	740	740	docstring
c022	L0p-1	docs/superpowers/plans/2026-03-04-phase-2-inbox-import.md	537	537	docstring
c023	L1p-1	docs/superpowers/plans/2026-03-04-phase-2-inbox-import.md	483	483	comment
c024	L0p-5	docs/superpowers/plans/2026-03-04-phase-2-inbox-import.md	473	474	comment
c025	L0p-2	docs/superpowers/plans/2026-03-04-phase-2-inbox-import.md	274	276	comment
c026	L0p-5	docs/superpowers/plans/2026-03-04-phase-2-inbox-import.md	532	533	comment
c027	L1p-5	docs/superpowers/plans/2026-03-04-phase-2-inbox-import.md	495	499	docstring
c028	L1p-4	docs/superpowers/plans/2026-03-04-phase-2-inbox-import.md	403	403	comment
c029	L0p-2	docs/superpowers/plans/2026-03-04-phase-2-inbox-import.md	461	461	comment
c030	L1p-5	docs/superpowers/plans/2026-03-04-phase-2-inbox-import.md	666	666	docstring
c031	L1p-2	docs/superpowers/plans/2026-03-04-phase-2-inbox-import.md	357	360	docstring
c032	L0p-2	docs/superpowers/plans/2026-03-04-phase-2-inbox-import.md	665	665	comment
c033	L1p-1	docs/superpowers/plans/2026-03-04-phase-2-inbox-import.md	348	348	docstring
c034	L1p-2	docs/superpowers/plans/2026-03-04-phase-2-inbox-import.md	129	129	comment
c035	L1p-1	docs/superpowers/plans/2026-03-04-phase-2-inbox-import.md	253	253	docstring
c036	L0p-5	docs/superpowers/plans/2026-03-04-phase-2-inbox-import.md	570	570	comment
c037	L1p-4	docs/superpowers/plans/2026-03-04-phase-2-inbox-import.md	608	608	comment
c038	L1p-5	docs/superpowers/plans/2026-03-04-phase-2-inbox-import.md	463	463	docstring
c039	L0p-3	docs/superpowers/plans/2026-03-04-phase-2-inbox-import.md	403	404	comment
c040	L1p-2	docs/superpowers/plans/2026-03-04-phase-2-inbox-import.md	105	110	docstring
c041	L0p-3	docs/superpowers/plans/2026-03-04-phase-2-inbox-import.md	923	928	docstring
c042	L0p-2	docs/superpowers/plans/2026-03-04-phase-2-inbox-import.md	684	684	comment
c043	L0p-3	docs/superpowers/plans/2026-03-04-phase-2-inbox-import.md	620	620	comment
c044	L0p-2	docs/superpowers/plans/2026-03-04-phase-2-inbox-import.md	687	687	comment
c045	L1p-2	docs/superpowers/plans/2026-03-04-phase-2-inbox-import.md	438	438	docstring
c046	L0p-5	docs/superpowers/plans/2026-03-04-phase-2-inbox-import.md	521	525	comment
c047	L1p-4	docs/superpowers/plans/2026-03-04-phase-2-inbox-import.md	539	545	docstring
c048	L1p-1	docs/superpowers/plans/2026-03-04-phase-2-inbox-import.md	430	430	docstring
c049	L0p-4	docs/superpowers/plans/2026-03-04-phase-2-inbox-import.md	681	681	comment
c050	L1p-5	docs/superpowers/plans/2026-03-04-phase-2-inbox-import.md	338	338	docstring
c051	L1p-5	docs/superpowers/plans/2026-03-04-phase-2-inbox-import.md	475	476	comment
c052	L1p-1	docs/superpowers/plans/2026-03-04-phase-2-inbox-import.md	151	152	comment
c053	L1p-1	docs/superpowers/plans/2026-03-04-phase-2-inbox-import.md	320	320	docstring
c054	L0p-3	docs/superpowers/plans/2026-03-04-phase-2-inbox-import.md	449	449	docstring
c055	L0p-4	docs/superpowers/plans/2026-03-04-phase-2-inbox-import.md	689	689	comment
c056	L1p-5	docs/superpowers/plans/2026-03-04-phase-2-inbox-import.md	484	488	comment
c057	L1p-5	docs/superpowers/plans/2026-03-04-phase-2-inbox-import.md	370	370	comment
c058	L0p-3	docs/superpowers/plans/2026-03-04-phase-2-inbox-import.md	513	517	docstring
c059	L0p-3	docs/superpowers/plans/2026-03-04-phase-2-inbox-import.md	732	732	comment
c060	L0p-3	docs/superpowers/plans/2026-03-04-phase-2-inbox-import.md	239	239	comment
c061	L0p-5	docs/superpowers/plans/2026-03-04-phase-2-inbox-import.md	786	786	comment
c062	L0p-3	docs/superpowers/plans/2026-03-04-phase-2-inbox-import.md	948	948	comment
c063	L0p-4	docs/superpowers/plans/2026-03-04-phase-2-inbox-import.md	509	514	docstring
c064	L0p-5	docs/superpowers/plans/2026-03-04-phase-2-inbox-import.md	462	462	comment
c065	L1p-3	docs/superpowers/plans/2026-03-04-phase-2-inbox-import.md	446	451	docstring
c066	L0p-5	docs/superpowers/plans/2026-03-04-phase-2-inbox-import.md	689	693	docstring
c067	L1p-2	docs/superpowers/plans/2026-03-04-phase-2-inbox-import.md	746	751	docstring
c068	L0p-5	docs/superpowers/plans/2026-03-04-phase-2-inbox-import.md	432	432	comment
c069	L1p-1	docs/superpowers/plans/2026-03-04-phase-2-inbox-import.md	132	137	docstring
c070	L0p-1	docs/superpowers/plans/2026-03-04-phase-2-inbox-import.md	457	457	docstring
c071	L1p-2	docs/superpowers/plans/2026-03-04-phase-2-inbox-import.md	318	318	docstring
c072	L1p-4	docs/superpowers/plans/2026-03-04-phase-2-inbox-import.md	800	800	docstring
c073	L0p-3	docs/superpowers/plans/2026-03-04-phase-2-inbox-import.md	367	368	comment
c074	L1p-5	docs/superpowers/plans/2026-03-04-phase-2-inbox-import.md	328	329	comment
c075	L0p-5	docs/superpowers/plans/2026-03-04-phase-2-inbox-import.md	544	547	docstring
c076	L1p-5	docs/superpowers/plans/2026-03-04-phase-2-inbox-import.md	991	994	docstring
c077	L1p-2	docs/superpowers/plans/2026-03-04-phase-2-inbox-import.md	329	330	comment
c078	L1p-5	docs/superpowers/plans/2026-03-04-phase-2-inbox-import.md	699	707	docstring
c079	L0p-4	docs/superpowers/plans/2026-03-04-phase-2-inbox-import.md	533	537	comment
c080	L1p-1	docs/superpowers/plans/2026-03-04-phase-2-inbox-import.md	524	529	docstring
c081	L0p-3	docs/superpowers/plans/2026-03-04-phase-2-inbox-import.md	439	439	comment
c082	L0p-4	docs/superpowers/plans/2026-03-04-phase-2-inbox-import.md	627	627	docstring
c083	L1p-5	docs/superpowers/plans/2026-03-04-phase-2-inbox-import.md	482	482	docstring
c084	L0p-1	docs/superpowers/plans/2026-03-04-phase-2-inbox-import.md	374	374	comment
c085	L0p-2	docs/superpowers/plans/2026-03-04-phase-2-inbox-import.md	943	943	comment
c086	L0p-4	docs/superpowers/plans/2026-03-04-phase-2-inbox-import.md	961	966	docstring
c087	L0p-4	docs/superpowers/plans/2026-03-04-phase-2-inbox-import.md	266	271	docstring
c088	L0p-4	docs/superpowers/plans/2026-03-04-phase-2-inbox-import.md	526	527	comment
c089	L1p-3	docs/superpowers/plans/2026-03-04-phase-2-inbox-import.md	405	405	docstring
c090	L0p-1	docs/superpowers/plans/2026-03-04-phase-2-inbox-import.md	785	785	docstring
c091	L1p-2	docs/superpowers/plans/2026-03-04-phase-2-inbox-import.md	741	741	docstring
c092	L0p-2	docs/superpowers/plans/2026-03-04-phase-2-inbox-import.md	505	505	comment
c093	L1p-1	docs/superpowers/plans/2026-03-04-phase-2-inbox-import.md	719	719	comment
c094	L1p-2	docs/superpowers/plans/2026-03-04-phase-2-inbox-import.md	251	251	comment
c095	L0p-5	docs/superpowers/plans/2026-03-04-phase-2-inbox-import.md	731	731	docstring
c096	L0p-2	docs/superpowers/plans/2026-03-04-phase-2-inbox-import.md	914	918	comment
c097	L1p-4	docs/superpowers/plans/2026-03-04-phase-2-inbox-import.md	516	520	comment
c098	L0p-5	docs/superpowers/plans/2026-03-04-phase-2-inbox-import.md	538	538	docstring
c099	L0p-2	docs/superpowers/plans/2026-03-04-phase-2-inbox-import.md	525	526	comment
c100	L0p-5	docs/superpowers/plans/2026-03-04-phase-2-inbox-import.md	666	666	comment
c101	L1p-5	docs/superpowers/plans/2026-03-04-phase-2-inbox-import.md	829	829	comment
c102	L0p-4	docs/superpowers/plans/2026-03-04-phase-2-inbox-import.md	481	481	comment
c103	L1p-4	docs/superpowers/plans/2026-03-04-phase-2-inbox-import.md	346	346	comment
c104	L0p-5	docs/superpowers/plans/2026-03-04-phase-2-inbox-import.md	650	650	comment
c105	L0p-3	docs/superpowers/plans/2026-03-04-phase-2-inbox-import.md	728	728	comment
c106	L0p-1	docs/superpowers/plans/2026-03-04-phase-2-inbox-import.md	112	112	comment
c107	L0p-4	docs/superpowers/plans/2026-03-04-phase-2-inbox-import.md	679	679	comment
c108	L1p-3	docs/superpowers/plans/2026-03-04-phase-2-inbox-import.md	653	653	docstring
c109	L0p-2	docs/superpowers/plans/2026-03-04-phase-2-inbox-import.md	368	368	docstring
c110	L0p-2	docs/superpowers/plans/2026-03-04-phase-2-inbox-import.md	540	543	docstring
c111	L0p-2	docs/superpowers/plans/2026-03-04-phase-2-inbox-import.md	412	412	comment
c112	L0p-3	docs/superpowers/plans/2026-03-04-phase-2-inbox-import.md	507	507	docstring
c113	L0p-5	docs/superpowers/plans/2026-03-04-phase-2-inbox-import.md	294	294	comment
c114	L1p-5	docs/superpowers/plans/2026-03-04-phase-2-inbox-import.md	977	977	docstring
c115	L0p-3	docs/superpowers/plans/2026-03-04-phase-2-inbox-import.md	740	740	comment
c116	L1p-5	docs/superpowers/plans/2026-03-04-phase-2-inbox-import.md	607	607	comment
c117	L1p-2	docs/superpowers/plans/2026-03-04-phase-2-inbox-import.md	542	547	docstring
c118	L0p-2	docs/superpowers/plans/2026-03-04-phase-2-inbox-import.md	341	343	comment
c119	L0p-5	docs/superpowers/plans/2026-03-04-phase-2-inbox-import.md	272	272	comment
c120	L0p-2	docs/superpowers/plans/2026-03-04-phase-2-inbox-import.md	700	700	comment
c121	L1p-5	docs/superpowers/plans/2026-03-04-phase-2-inbox-import.md	686	686	docstring
c122	L1p-1	docs/superpowers/plans/2026-03-04-phase-2-inbox-import.md	738	738	docstring
c123	L1p-5	docs/superpowers/plans/2026-03-04-phase-2-inbox-import.md	678	678	docstring
c124	L1p-4	docs/superpowers/plans/2026-03-04-phase-2-inbox-import.md	167	167	comment
c125	L1p-5	docs/superpowers/plans/2026-03-04-phase-2-inbox-import.md	440	440	comment
c126	L0p-5	docs/superpowers/plans/2026-03-04-phase-2-inbox-import.md	774	774	comment
c127	L0p-5	docs/superpowers/plans/2026-03-04-phase-2-inbox-import.md	966	966	comment
c128	L1p-4	docs/superpowers/plans/2026-03-04-phase-2-inbox-import.md	511	511	comment
c129	L0p-2	docs/superpowers/plans/2026-03-04-phase-2-inbox-import.md	446	446	comment
c130	L1p-1	docs/superpowers/plans/2026-03-04-phase-2-inbox-import.md	756	756	docstring
c131	L1p-5	docs/superpowers/plans/2026-03-04-phase-2-inbox-import.md	390	390	comment
c132	L0p-3	docs/superpowers/plans/2026-03-04-phase-2-inbox-import.md	473	478	docstring
c133	L0p-2	docs/superpowers/plans/2026-03-04-phase-2-inbox-import.md	723	723	comment
c134	L0p-1	docs/superpowers/plans/2026-03-04-phase-2-inbox-import.md	417	421	docstring
c135	L0p-1	docs/superpowers/plans/2026-03-04-phase-2-inbox-import.md	648	648	comment
c136	L0p-3	docs/superpowers/plans/2026-03-04-phase-2-inbox-import.md	251	252	comment
c137	L1p-2	docs/superpowers/plans/2026-03-04-phase-2-inbox-import.md	504	504	comment
c138	L1p-4	docs/superpowers/plans/2026-03-04-phase-2-inbox-import.md	795	796	comment
c139	L0p-2	docs/superpowers/plans/2026-03-04-phase-2-inbox-import.md	628	628	comment
c140	L1p-1	docs/superpowers/plans/2026-03-04-phase-2-inbox-import.md	332	336	comment
c141	L1p-5	docs/superpowers/plans/2026-03-04-phase-2-inbox-import.md	222	227	docstring
c142	L1p-3	docs/superpowers/plans/2026-03-04-phase-2-inbox-import.md	664	669	docstring
c143	L0p-1	docs/superpowers/plans/2026-03-04-phase-2-inbox-import.md	440	444	comment
c144	L0p-1	docs/superpowers/plans/2026-03-04-phase-2-inbox-import.md	595	596	comment
c145	L1p-3	docs/superpowers/plans/2026-03-04-phase-2-inbox-import.md	417	417	docstring
c146	L0p-1	docs/superpowers/plans/2026-03-04-phase-2-inbox-import.md	130	135	docstring
c147	L0p-2	docs/superpowers/plans/2026-03-04-phase-2-inbox-import.md	385	385	docstring
c148	L1p-3	docs/superpowers/plans/2026-03-04-phase-2-inbox-import.md	249	249	docstring
c149	L0p-1	docs/superpowers/plans/2026-03-04-phase-2-inbox-import.md	451	451	docstring
c150	L0p-1	docs/superpowers/plans/2026-03-04-phase-2-inbox-import.md	464	465	comment
c151	L0p-1	docs/superpowers/plans/2026-03-04-phase-2-inbox-import.md	149	150	comment
c152	L0p-3	docs/superpowers/plans/2026-03-04-phase-2-inbox-import.md	616	616	comment
c153	L1p-2	docs/superpowers/plans/2026-03-04-phase-2-inbox-import.md	347	347	docstring
c154	L1p-4	docs/superpowers/plans/2026-03-04-phase-2-inbox-import.md	614	614	comment
c155	L0p-2	docs/superpowers/plans/2026-03-04-phase-2-inbox-import.md	469	469	comment
c156	L1p-5	docs/superpowers/plans/2026-03-04-phase-2-inbox-import.md	1005	1006	comment
c157	L1p-2	docs/superpowers/plans/2026-03-04-phase-2-inbox-import.md	214	214	comment
c158	L0p-4	docs/superpowers/plans/2026-03-04-phase-2-inbox-import.md	734	739	docstring
c159	L0p-1	docs/superpowers/plans/2026-03-04-phase-2-inbox-import.md	361	361	comment
c160	L0p-1	docs/superpowers/plans/2026-03-04-phase-2-inbox-import.md	318	318	docstring
c161	L1p-4	docs/superpowers/plans/2026-03-04-phase-2-inbox-import.md	141	146	docstring
c162	L0p-2	docs/superpowers/plans/2026-03-04-phase-2-inbox-import.md	911	911	comment
c163	L0p-3	docs/superpowers/plans/2026-03-04-phase-2-inbox-import.md	887	887	docstring
c164	L0p-2	docs/superpowers/plans/2026-03-04-phase-2-inbox-import.md	517	521	comment
c165	L1p-2	docs/superpowers/plans/2026-03-04-phase-2-inbox-import.md	757	757	comment
c166	L0p-3	docs/superpowers/plans/2026-03-04-phase-2-inbox-import.md	594	594	comment
c167	L0p-5	docs/superpowers/plans/2026-03-04-phase-2-inbox-import.md	489	489	comment
c168	L0p-5	docs/superpowers/plans/2026-03-04-phase-2-inbox-import.md	265	269	docstring
c169	L1p-1	docs/superpowers/plans/2026-03-04-phase-2-inbox-import.md	795	795	docstring
c170	L1p-1	docs/superpowers/plans/2026-03-04-phase-2-inbox-import.md	652	652	docstring
c171	L1p-5	docs/superpowers/plans/2026-03-04-phase-2-inbox-import.md	679	680	comment
c172	L0p-2	docs/superpowers/plans/2026-03-04-phase-2-inbox-import.md	531	534	docstring
c173	L1p-2	docs/superpowers/plans/2026-03-04-phase-2-inbox-import.md	729	729	docstring
c174	L0p-5	docs/superpowers/plans/2026-03-04-phase-2-inbox-import.md	942	942	comment
c175	L0p-1	docs/superpowers/plans/2026-03-04-phase-2-inbox-import.md	655	656	comment
c176	L0p-4	docs/superpowers/plans/2026-03-04-phase-2-inbox-import.md	364	364	comment
c177	L0p-2	docs/superpowers/plans/2026-03-04-phase-2-inbox-import.md	509	511	comment
c178	L0p-3	docs/superpowers/plans/2026-03-04-phase-2-inbox-import.md	496	500	comment
c179	L0p-2	docs/superpowers/plans/2026-03-04-phase-2-inbox-import.md	471	471	comment
c180	L0p-4	docs/superpowers/plans/2026-03-04-phase-2-inbox-import.md	544	544	docstring
c181	L0p-2	docs/superpowers/plans/2026-03-04-phase-2-inbox-import.md	248	253	docstring
c182	L1p-1	docs/superpowers/plans/2026-03-04-phase-2-inbox-import.md	494	494	comment
c183	L0p-4	docs/superpowers/plans/2026-03-04-phase-2-inbox-import.md	706	706	comment
c184	L1p-3	docs/superpowers/plans/2026-03-04-phase-2-inbox-import.md	418	418	comment
c185	L1p-1	docs/superpowers/plans/2026-03-04-phase-2-inbox-import.md	765	770	docstring
c186	L1p-2	docs/superpowers/plans/2026-03-04-phase-2-inbox-import.md	708	708	comment
c187	L1p-1	docs/superpowers/plans/2026-03-04-phase-2-inbox-import.md	264	264	comment
c188	L1p-4	docs/superpowers/plans/2026-03-04-phase-2-inbox-import.md	149	150	comment
c189	L0p-3	docs/superpowers/plans/2026-03-04-phase-2-inbox-import.md	693	698	docstring
c190	L0p-2	docs/superpowers/plans/2026-03-04-phase-2-inbox-import.md	491	496	docstring
c191	L0p-5	docs/superpowers/plans/2026-03-04-phase-2-inbox-import.md	725	726	comment
c192	L0p-5	docs/superpowers/plans/2026-03-04-phase-2-inbox-import.md	504	508	docstring
c193	L0p-5	docs/superpowers/plans/2026-03-04-phase-2-inbox-import.md	109	109	comment
c194	L1p-4	docs/superpowers/plans/2026-03-04-phase-2-inbox-import.md	679	679	docstring
c195	L1p-3	docs/superpowers/plans/2026-03-04-phase-2-inbox-import.md	424	434	docstring
c196	L0p-5	docs/superpowers/plans/2026-03-04-phase-2-inbox-import.md	714	718	comment
c197	L0p-3	docs/superpowers/plans/2026-03-04-phase-2-inbox-import.md	544	544	comment
c198	L0p-3	docs/superpowers/plans/2026-03-04-phase-2-inbox-import.md	677	678	comment
c199	L0p-5	docs/superpowers/plans/2026-03-04-phase-2-inbox-import.md	242	242	comment
c200	L1p-4	docs/superpowers/plans/2026-03-04-phase-2-inbox-import.md	533	533	docstring
c201	L0p-5	docs/superpowers/plans/2026-03-04-phase-2-inbox-import.md	912	912	comment
c202	L0p-2	docs/superpowers/plans/2026-03-04-phase-2-inbox-import.md	802	802	docstring
c203	L0p-5	docs/superpowers/plans/2026-03-04-phase-2-inbox-import.md	737	742	docstring
c204	L0p-5	docs/superpowers/plans/2026-03-04-phase-2-inbox-import.md	987	991	docstring
c205	L1p-2	docs/superpowers/plans/2026-03-04-phase-2-inbox-import.md	336	340	comment
c206	L1p-4	docs/superpowers/plans/2026-03-04-phase-2-inbox-import.md	503	503	docstring
c207	L1p-2	docs/superpowers/plans/2026-03-04-phase-2-inbox-import.md	267	267	comment
c208	L0p-4	docs/superpowers/plans/2026-03-04-phase-2-inbox-import.md	979	979	comment
c209	L1p-4	docs/superpowers/plans/2026-03-04-phase-2-inbox-import.md	358	358	docstring
c210	L0p-5	docs/superpowers/plans/2026-03-04-phase-2-inbox-import.md	288	288	comment
c211	L0p-2	docs/superpowers/plans/2026-03-04-phase-2-inbox-import.md	960	960	docstring
c212	L0p-2	docs/superpowers/plans/2026-03-04-phase-2-inbox-import.md	558	562	docstring
c213	L0p-5	docs/superpowers/plans/2026-03-04-phase-2-inbox-import.md	374	374	docstring
c214	L0p-2	docs/superpowers/plans/2026-03-04-phase-2-inbox-import.md	900	903	docstring
c215	L1p-3	docs/superpowers/plans/2026-03-04-phase-2-inbox-import.md	136	141	docstring
c216	L1p-4	docs/superpowers/plans/2026-03-04-phase-2-inbox-import.md	814	818	docstring
c217	L0p-5	docs/superpowers/plans/2026-03-04-phase-2-inbox-import.md	198	198	docstring
c218	L0p-5	docs/superpowers/plans/2026-03-04-phase-2-inbox-import.md	870	870	docstring
c219	L1p-5	docs/superpowers/plans/2026-03-04-phase-2-inbox-import.md	947	947	comment
c220	L0p-3	docs/superpowers/plans/2026-03-04-phase-2-inbox-import.md	938	938	comment
c221	L0p-5	docs/superpowers/plans/2026-03-04-phase-2-inbox-import.md	656	656	comment
c222	L0p-1	docs/superpowers/plans/2026-03-04-phase-2-inbox-import.md	872	872	docstring
c223	L0p-4	docs/superpowers/plans/2026-03-04-phase-2-inbox-import.md	438	438	comment
c224	L1p-4	docs/superpowers/plans/2026-03-04-phase-2-inbox-import.md	527	528	comment
c225	L0p-3	docs/superpowers/plans/2026-03-04-phase-2-inbox-import.md	231	236	docstring
c226	L1p-1	docs/superpowers/plans/2026-03-04-phase-2-inbox-import.md	779	779	comment
c227	L0p-5	docs/superpowers/plans/2026-03-04-phase-2-inbox-import.md	305	305	comment
c228	L1p-5	docs/superpowers/plans/2026-03-04-phase-2-inbox-import.md	964	964	docstring
c229	L0p-2	docs/superpowers/plans/2026-03-04-phase-2-inbox-import.md	267	268	comment
c230	L0p-1	docs/superpowers/plans/2026-03-04-phase-2-inbox-import.md	434	434	docstring
c231	L0p-1	docs/superpowers/plans/2026-03-04-phase-2-inbox-import.md	347	347	docstring
c232	L0p-5	docs/superpowers/plans/2026-03-04-phase-2-inbox-import.md	186	186	docstring
c233	L0p-4	docs/superpowers/plans/2026-03-04-phase-2-inbox-import.md	700	702	comment
c234	L1p-5	docs/superpowers/plans/2026-03-04-phase-2-inbox-import.md	982	982	docstring
c235	L0p-5	docs/superpowers/plans/2026-03-04-phase-2-inbox-import.md	702	704	comment
c236	L0p-1	docs/superpowers/plans/2026-03-04-phase-2-inbox-import.md	882	882	comment
c237	L0p-3	docs/superpowers/plans/2026-03-04-phase-2-inbox-import.md	613	613	comment
c238	L1p-1	docs/superpowers/plans/2026-03-04-phase-2-inbox-import.md	354	357	docstring
c239	L1p-5	docs/superpowers/plans/2026-03-04-phase-2-inbox-import.md	246	246	comment
c240	L1p-1	docs/superpowers/plans/2026-03-04-phase-2-inbox-import.md	343	343	docstring
c241	L0p-4	docs/superpowers/plans/2026-03-04-phase-2-inbox-import.md	431	431	comment
c242	L0p-1	docs/superpowers/plans/2026-03-04-phase-2-inbox-import.md	771	771	docstring
c243	L0p-5	docs/superpowers/plans/2026-03-04-phase-2-inbox-import.md	919	920	comment
